{
    "WASM": {
        "mean": 0.060487572233192455,
        "variance": 0.2598484361090322,
        "standard deviation": 0.509753309071194
    },
    "JS": {
        "mean": 0.2783632351416061,
        "variance": 314.8238425213255,
        "standard deviation": 17.743275980532047
    },
    "Browser": "CHROME",
    "DATETIME": "2021-08-04T01:13:47.990Z"
}